acronym,system,never_suitable(0),remains_suitable(1),no_longer_suitable(-1),new_habitat(2),area_km2,remains_suitable_(1)_perc,no_longer_suitable(-1)_perc,new_habitat_(2)_per,net_change_perc,species,main_use,cover_inventory
ACACHI,COFFAR_45,7145,6244,1070,108,NA,85.3705222860268,14.629477713973202,1.4766201804757997,-13.152857533497402,Acacia hindsii,N-fixing,0.006955844
ACACHI,THEOCA_45,17261,4584,1495,533,NA,75.40713933212699,24.592860667873005,8.76788945550255,-15.824971212370455,Acacia hindsii,N-fixing,0.006955844
ACACHI,COFFAR_85,7147,5935,1379,106,NA,81.1457478807766,18.854252119223407,1.4492753623188406,-17.404976756904567,Acacia hindsii,N-fixing,0.006955844
ACACHI,THEOCA_85,17349,4255,1824,445,NA,69.9950649777924,30.0049350222076,7.320282941273236,-22.684652080934363,Acacia hindsii,N-fixing,0.006955844
ACACPE,COFFAR_45,4691,8157,1664,55,NA,83.05671520211791,16.94328479788209,0.560024437429997,-16.38326036045209,Acacia pennatula,N-fixing,0.022258701999999998
ACACPE,THEOCA_45,16328,5757,1174,614,NA,83.06160727167797,16.938392728322032,8.858750541047469,-8.079642187274564,Acacia pennatula,N-fixing,0.022258701999999998
ACACPE,COFFAR_85,4707,7647,2174,39,NA,77.86376132776704,22.13623867223297,0.39710823745036145,-21.73913043478261,Acacia pennatula,N-fixing,0.022258701999999998
ACACPE,THEOCA_85,16303,5421,1510,639,NA,78.21382195931324,21.786178040686767,9.219448852979369,-12.566729187707399,Acacia pennatula,N-fixing,0.022258701999999998
ACACPI,COFFAR_45,6884,6267,971,445,NA,86.58469190384083,13.415308096159158,6.148107211936999,-7.267200884222159,Acacia picachensis,N-fixing,0.008347013
ACACPI,THEOCA_45,20831,1658,1161,223,NA,58.81518268889677,41.18481731110323,7.910606598084427,-33.2742107130188,Acacia picachensis,N-fixing,0.008347013
ACACPI,COFFAR_85,6894,6175,1063,435,NA,85.3136225476651,14.686377452334899,6.0099474993092015,-8.676429953025696,Acacia picachensis,N-fixing,0.008347013
ACACPI,THEOCA_85,20645,1653,1166,409,NA,58.63781482795317,41.36218517204682,14.508691025186234,-26.853494146860587,Acacia picachensis,N-fixing,0.008347013
ACOSPA,COFFAR_45,6151,7128,1001,287,NA,87.68606224627875,12.313937753721245,3.530569565752245,-8.783368187969,Acosmium panamense,Timber,0.261539746
ACOSPA,THEOCA_45,4762,17484,843,784,NA,95.40022917007693,4.599770829923065,4.277841436132482,-0.32192939379058316,Acosmium panamense,Timber,0.261539746
ACOSPA,COFFAR_85,6239,6705,1424,199,NA,82.48247016853242,17.517529831467584,2.4480255874031247,-15.06950424406446,Acosmium panamense,Timber,0.261539746
ACOSPA,THEOCA_85,4761,17489,838,785,NA,95.42751132209308,4.572488677906914,4.283297866535713,-0.28919081137120095,Acosmium panamense,Timber,0.261539746
ALBIGU,COFFAR_45,5292,7086,1621,568,NA,81.38279545193522,18.617204548064777,6.523486849661192,-12.093717698403584,Albizia guachapele,Timber,0.698366768
ALBIGU,THEOCA_45,5830,13751,1777,2515,NA,88.55615662029882,11.443843379701185,16.19654817104585,4.752704791344666,Albizia guachapele,Timber,0.698366768
ALBIGU,COFFAR_85,5281,6713,1994,579,NA,77.09888595383025,22.90111404616975,6.649821982313081,-16.251292063856667,Albizia guachapele,Timber,0.698366768
ALBIGU,THEOCA_85,5137,13608,1920,3208,NA,87.63523956723338,12.364760432766616,20.659453889747553,8.294693456980937,Albizia guachapele,Timber,0.698366768
ANACEX,COFFAR_45,11644,2138,690,95,NA,75.6011315417256,24.398868458274396,3.3592644978783595,-21.039603960396036,Anacardium excelsum,Timber,0.189198965
ANACEX,THEOCA_45,13493,8433,1525,422,NA,84.68567985539265,15.314320144607352,4.237798754770035,-11.076521389837318,Anacardium excelsum,Timber,0.189198965
ANACEX,COFFAR_85,11638,2214,614,101,NA,78.28854314002828,21.71145685997171,3.571428571428571,-18.140028288543142,Anacardium excelsum,Timber,0.189198965
ANACEX,THEOCA_85,13391,8581,1377,524,NA,86.17192207270537,13.828077927294638,5.262100823458526,-8.565977103836111,Anacardium excelsum,Timber,0.189198965
ANACOC,COFFAR_45,3632,8707,1132,1096,NA,88.49476572822441,11.505234271775587,11.139343429210285,-0.36589084256530136,Anacardium occidentale,Fruit,0.32970702
ANACOC,THEOCA_45,2419,19705,1311,438,NA,93.76189569851542,6.238104301484583,2.084126379901028,-4.1539779215835555,Anacardium occidentale,Fruit,0.32970702
ANACOC,COFFAR_85,3503,8154,1685,1225,NA,82.87427584104076,17.125724158959244,12.450452281735949,-4.675271877223295,Anacardium occidentale,Fruit,0.32970702
ANACOC,THEOCA_85,2317,19492,1524,540,NA,92.7483821850019,7.251617814998097,2.569470879330034,-4.682146935668063,Anacardium occidentale,Fruit,0.32970702
ANDIIN,COFFAR_45,6274,7099,433,761,NA,94.25119490175253,5.748805098247478,10.10355815188529,4.354753053637812,Andira inermis,Timber,0.392309619
ANDIIN,THEOCA_45,2438,19934,1172,329,NA,94.44707666066522,5.552923339334787,1.5587984459395432,-3.9941248933952433,Andira inermis,Timber,0.392309619
ANDIIN,COFFAR_85,6208,6966,566,827,NA,92.48539564524695,7.514604354753053,10.979819437068508,3.4652150823154555,Andira inermis,Timber,0.392309619
ANDIIN,THEOCA_85,2329,19918,1188,438,NA,94.37126883350706,5.6287311664929405,2.075239268454468,-3.5534918980384727,Andira inermis,Timber,0.392309619
ANNOCH,COFFAR_45,5320,4761,4485,1,NA,51.49253731343284,48.507462686567166,0.010815487778498811,-48.496647198788665,Annona cherimola,Fruit,0.026432208
ANNOCH,THEOCA_45,21257,767,1848,1,NA,29.33078393881453,70.66921606118547,0.03824091778202677,-70.63097514340343,Annona cherimola,Fruit,0.026432208
ANNOCH,COFFAR_85,5321,3864,5382,0,NA,41.7910447761194,58.2089552238806,0,-58.2089552238806,Annona cherimola,Fruit,0.026432208
ANNOCH,THEOCA_85,21258,518,2097,0,NA,19.808795411089868,80.19120458891014,0,-80.19120458891014,Annona cherimola,Fruit,0.026432208
ANNOMU,COFFAR_45,3794,8248,2092,433,NA,79.76789168278529,20.2321083172147,4.187620889748549,-16.04448742746615,Annona muricata,Fruit,0.15859325
ANNOMU,THEOCA_45,2201,19474,1175,1023,NA,94.3096517991186,5.690348200881399,4.954235071916316,-0.7361131289650826,Annona muricata,Fruit,0.15859325
ANNOMU,COFFAR_85,3692,7888,2452,535,NA,76.2862669245648,23.713733075435204,5.174081237911025,-18.53965183752418,Annona muricata,Fruit,0.15859325
ANNOMU,THEOCA_85,2140,19448,1201,1084,NA,94.18373771126932,5.816262288730689,5.2496488934088825,-0.5666133953218067,Annona muricata,Fruit,0.15859325
ANNOPU,COFFAR_45,4668,7983,1140,776,NA,87.5041104899704,12.495889510029595,8.50597391209032,-3.989915597939275,Annona purpurea,Fruit,0.059820261
ANNOPU,THEOCA_45,9495,10021,3586,771,NA,73.64591754244138,26.354082457558608,5.666201219960314,-20.687881237598294,Annona purpurea,Fruit,0.059820261
ANNOPU,COFFAR_85,4760,7314,1809,684,NA,80.17099638276882,19.829003617231177,7.497533706017758,-12.331469911213418,Annona purpurea,Fruit,0.059820261
ANNOPU,THEOCA_85,9353,8870,4737,913,NA,65.18703608436834,34.81296391563166,6.709781729991916,-28.103182185639746,Annona purpurea,Fruit,0.059820261
ANNORE,COFFAR_45,1893,10850,1411,413,NA,88.4919663975206,11.508033602479406,3.368403882228203,-8.139629720251204,Annona reticulata,Fruit,0.063993768
ANNORE,THEOCA_45,7862,13517,1892,602,NA,87.72146148354858,12.278538516451425,3.906807709779999,-8.371730806671426,Annona reticulata,Fruit,0.063993768
ANNORE,COFFAR_85,1893,9965,2296,413,NA,81.27395807846017,18.726041921539842,3.368403882228203,-15.357638039311638,Annona reticulata,Fruit,0.063993768
ANNORE,THEOCA_85,8020,12181,3228,444,NA,79.05120384191056,20.94879615808943,2.8814329288078393,-18.06736322928159,Annona reticulata,Fruit,0.063993768
ANNOSQ,COFFAR_45,3944,8042,1971,610,NA,80.31558973334666,19.68441026665335,6.0920802956157,-13.592329971037652,Annona squamosa,Fruit,0.059820261
ANNOSQ,THEOCA_45,6910,13503,1915,1545,NA,87.57945258788429,12.42054741211571,10.020754961733038,-2.3997924503826713,Annona squamosa,Fruit,0.059820261
ANNOSQ,COFFAR_85,3771,7946,2067,783,NA,79.35683611305303,20.64316388694697,7.819834215519824,-12.823329671427144,Annona squamosa,Fruit,0.059820261
ANNOSQ,THEOCA_85,6754,13395,2023,1701,NA,86.87897262939421,13.121027370605788,11.032559346218704,-2.0884680243870832,Annona squamosa,Fruit,0.059820261
ARTOAL,COFFAR_45,10067,3319,1045,136,NA,76.05407882676444,23.94592117323556,3.1164069660861595,-20.8295142071494,Artocarpus altilis,Fruit,0.01252052
ARTOAL,THEOCA_45,7058,12767,3956,92,NA,76.3439574239072,23.656042576092805,0.5501405250254141,-23.10590205106739,Artocarpus altilis,Fruit,0.01252052
ARTOAL,COFFAR_85,10086,3080,1284,117,NA,70.57745187901008,29.422548120989916,2.6810265811182403,-26.741521539871677,Artocarpus altilis,Fruit,0.01252052
ARTOAL,THEOCA_85,7076,12107,4616,74,NA,72.3972971356814,27.6027028643186,0.4425043353465287,-27.160198528972074,Artocarpus altilis,Fruit,0.01252052
ASTRGR,COFFAR_45,4062,8287,1898,320,NA,81.36475208640157,18.63524791359843,3.1418753068237604,-15.49337260677467,Astronium graveolens,Timber,0.182243121
ASTRGR,THEOCA_45,3985,17054,1374,1460,NA,92.54395485131322,7.456045148686781,7.92272628608639,0.46668113739960937,Astronium graveolens,Timber,0.182243121
ASTRGR,COFFAR_85,4055,7878,2307,327,NA,77.34904270986746,22.65095729013255,3.21060382916053,-19.44035346097202,Astronium graveolens,Timber,0.182243121
ASTRGR,THEOCA_85,3788,16811,1617,1657,NA,91.22530931191665,8.774690688083352,8.991751682222704,0.2170609941393522,Astronium graveolens,Timber,0.182243121
BACTGA,COFFAR_45,11787,1782,937,61,NA,65.53880102979036,34.46119897020964,2.2434718646561236,-32.217727105553514,Bactris gasipaes,Fruit,0.46325923
BACTGA,THEOCA_45,13552,7767,2454,100,NA,75.99060757264455,24.009392427355444,0.9783778495254868,-23.031014577829957,Bactris gasipaes,Fruit,0.46325923
BACTGA,COFFAR_85,11783,1756,963,65,NA,64.5825671202648,35.417432879735195,2.3905847738139023,-33.02684810592129,Bactris gasipaes,Fruit,0.46325923
BACTGA,THEOCA_85,13575,7626,2595,77,NA,74.61109480481362,25.38890519518638,0.7533509441346248,-24.635554251051754,Bactris gasipaes,Fruit,0.46325923
BROSAL,COFFAR_45,2876,10206,471,1014,NA,95.58864849676876,4.411351503231245,9.497049733071087,5.085698229839842,Brosimum alicastrum,Fruit,0.249019226
BROSAL,THEOCA_45,2496,20124,752,501,NA,96.39777735198314,3.6022226480168618,2.3998850354474035,-1.2023376125694583,Brosimum alicastrum,Fruit,0.249019226
BROSAL,COFFAR_85,2799,10118,559,1091,NA,94.76444694202492,5.235553057975087,10.21822609347195,4.9826730354968625,Brosimum alicastrum,Fruit,0.249019226
BROSAL,THEOCA_85,2397,19920,956,600,NA,95.42057865491473,4.579421345085265,2.87411381490707,-1.705307530178195,Brosimum alicastrum,Fruit,0.249019226
BURSSI,COFFAR_45,915,12547,736,369,NA,94.45908303847023,5.540916961529775,2.7779869005495743,-2.7629300609802008,Bursera simaruba,Timber,4.767535683
BURSSI,THEOCA_45,2212,20498,578,585,NA,97.25754412602011,2.7424558739798823,2.7756690074017842,0.03321313342190191,Bursera simaruba,Timber,4.767535683
BURSSI,COFFAR_85,934,12513,770,350,NA,94.20311676579087,5.796883234209139,2.6349469246405177,-3.1619363095686217,Bursera simaruba,Timber,4.767535683
BURSSI,THEOCA_85,1969,20567,509,828,NA,97.58493072689315,2.4150692731068513,3.9286392104763714,1.5135699373695202,Bursera simaruba,Timber,4.767535683
BYRSCR,COFFAR_45,1278,11502,780,1007,NA,93.64924279433316,6.350757205666829,8.198990392444227,1.8482331867773976,Byrsonima crassifolia,Fruit,2.09927381
BYRSCR,THEOCA_45,1120,21419,497,837,NA,97.73225041065888,2.2677495893411206,3.819127578025187,1.5513779886840666,Byrsonima crassifolia,Fruit,2.09927381
BYRSCR,COFFAR_85,1193,10849,1433,1092,NA,88.33251913369158,11.667480866308418,8.89106008793356,-2.776420778374858,Byrsonima crassifolia,Fruit,2.09927381
BYRSCR,THEOCA_85,1003,21165,751,954,NA,96.57327979558313,3.4267202044168643,4.352984121189999,0.9262639167731344,Byrsonima crassifolia,Fruit,2.09927381
CALOBR,COFFAR_45,845,12268,1275,179,NA,90.58554234659972,9.41445765340028,1.3217160156538434,-8.092741637746437,Calophyllum brasiliense,Timber,0.116858184
CALOBR,THEOCA_45,582,21627,1362,302,NA,94.07542737831137,5.924572621688633,1.3136717560572446,-4.610900865631389,Calophyllum brasiliense,Timber,0.116858184
CALOBR,COFFAR_85,849,11433,2110,175,NA,84.41999556966698,15.580004430333014,1.292180462231411,-14.287823968101604,Calophyllum brasiliense,Timber,0.116858184
CALOBR,THEOCA_85,606,20755,2234,278,NA,90.282308930358,9.717691069642003,1.2092740006089868,-8.508417069033015,Calophyllum brasiliense,Timber,0.116858184
CALYCA,COFFAR_45,6423,6680,1038,426,NA,86.55091992744234,13.449080072557656,5.519564654055455,-7.929515418502201,Calycophyllum candidissimum,Timber,0.108511171
CALYCA,THEOCA_45,11640,8939,2238,1056,NA,79.97673794399212,20.023262056007873,9.44797351704393,-10.575288538963942,Calycophyllum candidissimum,Timber,0.108511171
CALYCA,COFFAR_85,6482,6349,1369,367,NA,82.26224410469032,17.737755895309665,4.755117906193314,-12.98263798911635,Calycophyllum candidissimum,Timber,0.108511171
CALYCA,THEOCA_85,11809,8252,2925,887,NA,73.83018699114253,26.169813008857474,7.935939876532164,-18.23387313232531,Calycophyllum candidissimum,Timber,0.108511171
CARAGU,COFFAR_45,12411,1642,440,74,NA,78.86647454370798,21.133525456292027,3.554274735830932,-17.579250720461093,Carapa guianensis,Timber,0.069558443
CARAGU,THEOCA_45,15291,7003,1478,101,NA,82.57280981016389,17.427190189836104,1.1908972998467162,-16.236292889989386,Carapa guianensis,Timber,0.069558443
CARAGU,COFFAR_85,12430,1643,439,55,NA,78.91450528338136,21.085494716618637,2.6416906820365034,-18.443804034582133,Carapa guianensis,Timber,0.069558443
CARAGU,THEOCA_85,15309,6656,1825,83,NA,78.48131116613607,21.51868883386393,0.9786581771017568,-20.540030656762173,Carapa guianensis,Timber,0.069558443
CASSGR,COFFAR_45,5400,8157,739,271,NA,91.69289568345323,8.307104316546763,3.046312949640288,-5.260791366906474,Cassia grandis,Timber,0.392309619
CASSGR,THEOCA_45,1970,21059,352,492,NA,98.35598524123115,1.644014758768857,2.29788426509738,0.6538695063285229,Cassia grandis,Timber,0.392309619
CASSGR,COFFAR_85,5440,7764,1132,231,NA,87.2751798561151,12.724820143884893,2.5966726618705036,-10.12814748201439,Cassia grandis,Timber,0.392309619
CASSGR,THEOCA_85,1868,20929,482,594,NA,97.74882069964038,2.2511793003596283,2.7742749054224465,0.5230956050628182,Cassia grandis,Timber,0.392309619
CECROB,COFFAR_45,4426,8202,1871,68,NA,81.42559316986002,18.574406830139978,0.6750719745855257,-17.899334855554454,Cecropia obtusifolia,Timber,0.107120002
CECROB,THEOCA_45,6577,14888,2144,264,NA,87.4119304837952,12.588069516204792,1.550023485204321,-11.038046031000471,Cecropia obtusifolia,Timber,0.107120002
CECROB,COFFAR_85,4448,7655,2418,46,NA,75.99523478606174,24.00476521393825,0.45666633574903204,-23.54809887818922,Cecropia obtusifolia,Timber,0.107120002
CECROB,THEOCA_85,6603,14380,2652,238,NA,84.42930953499295,15.570690465007045,1.3973696571160168,-14.173320807891029,Cecropia obtusifolia,Timber,0.107120002
CECRPE,COFFAR_45,5614,7268,1527,158,NA,82.63786242183059,17.362137578169413,1.7964752700397952,-15.565662308129617,Cecropia peltata,Timber,0.20728416
CECRPE,THEOCA_45,979,21862,455,577,NA,97.96119550118743,2.0388044988125644,2.5854729578348343,0.5466684590222699,Cecropia peltata,Timber,0.20728416
CECRPE,COFFAR_85,5574,7017,1778,198,NA,79.78396816372938,20.21603183627061,2.2512791358726547,-17.964752700397955,Cecropia peltata,Timber,0.20728416
CECRPE,THEOCA_85,709,21903,414,847,NA,98.14491195053098,1.8550880494690145,3.7953129900972353,1.9402249406282208,Cecropia peltata,Timber,0.20728416
CEDROD,COFFAR_45,3057,9519,1956,35,NA,82.95424836601308,17.045751633986928,0.30501089324618735,-16.74074074074074,Cedrela odorata,Timber,3.973178264
CEDROD,THEOCA_45,1110,20756,1832,175,NA,91.88949884894633,8.110501151053656,0.774747653621392,-7.335753497432264,Cedrela odorata,Timber,3.973178264
CEDROD,COFFAR_85,3072,8827,2648,20,NA,76.92374727668845,23.076252723311548,0.17429193899782133,-22.901960784313726,Cedrela odorata,Timber,3.973178264
CEDROD,THEOCA_85,1151,20151,2437,134,NA,89.21108553214096,10.78891446785904,0.593235346201523,-10.195679121657518,Cedrela odorata,Timber,3.973178264
CEIBPE,COFFAR_45,5529,7677,492,869,NA,93.97723099522585,6.022769004774147,10.637776961684416,4.6150079569102695,Ceiba pentandra,Timber,0.125205197
CEIBPE,THEOCA_45,622,22082,224,945,NA,98.99578588720523,1.0042141127947637,4.236528288352909,3.2323141755581455,Ceiba pentandra,Timber,0.125205197
CEIBPE,COFFAR_85,5147,7599,570,1251,NA,93.02240176276166,6.9775982372383405,15.313991920675726,8.336393683437386,Ceiba pentandra,Timber,0.125205197
CEIBPE,THEOCA_85,480,22116,190,1087,NA,99.14821124361158,0.8517887563884157,4.873128306285304,4.021339549896888,Ceiba pentandra,Timber,0.125205197
CHRYCA,COFFAR_45,5381,7144,2012,30,NA,78.02533857579729,21.97466142420271,0.327653997378768,-21.647007426823944,Chrysophyllum cainito,Fruit,0.03617039
CHRYCA,THEOCA_45,1748,18179,3844,102,NA,82.54552059210825,17.45447940789175,0.46315215910638874,-16.99132724878536,Chrysophyllum cainito,Fruit,0.03617039
CHRYCA,COFFAR_85,5389,6534,2622,22,NA,71.36304062909568,28.636959370904325,0.2402795980777632,-28.396679772826563,Chrysophyllum cainito,Fruit,0.03617039
CHRYCA,THEOCA_85,1717,17577,4446,133,NA,79.8120147118921,20.18798528810789,0.6039140898151932,-19.584071198292694,Chrysophyllum cainito,Fruit,0.03617039
CHRYME,COFFAR_45,6660,6360,1006,541,NA,86.34265544393158,13.657344556068423,7.344556068422483,-6.312788487645941,Chrysophyllum mexicanum,Fruit,0.075123118
CHRYME,THEOCA_45,7877,14531,1071,394,NA,93.13549544930137,6.864504550698629,2.5253172670170487,-4.33918728368158,Chrysophyllum mexicanum,Fruit,0.075123118
CHRYME,COFFAR_85,6649,5980,1386,552,NA,81.18381754004888,18.81618245995113,7.493890849850665,-11.322291610100464,Chrysophyllum mexicanum,Fruit,0.075123118
CHRYME,THEOCA_85,8012,14095,1507,259,NA,90.34098192539417,9.65901807460582,1.6600435841558774,-7.9989744904499425,Chrysophyllum mexicanum,Fruit,0.075123118
CHRYOL,COFFAR_45,8818,1965,3680,104,NA,34.80956598759965,65.19043401240036,1.842338352524358,-63.348095659876,Chrysophyllum oliviforme,Fruit,0.04869091
CHRYOL,THEOCA_45,12947,3967,6732,227,NA,37.07823161043088,62.921768389569124,2.1216936162258153,-60.80007477334331,Chrysophyllum oliviforme,Fruit,0.04869091
CHRYOL,COFFAR_85,8838,1676,3969,84,NA,29.68999114260407,70.31000885739593,1.4880425155004429,-68.82196634189549,Chrysophyllum oliviforme,Fruit,0.04869091
CHRYOL,THEOCA_85,12940,3245,7454,234,NA,30.329937377324985,69.670062622675,2.187120291616039,-67.48294233105896,Chrysophyllum oliviforme,Fruit,0.04869091
CITRAUR,COFFAR_45,322,13196,984,65,NA,93.06064880112835,6.93935119887165,0.4583921015514809,-6.480959097320169,Citrus aurantiifolia,Fruit,0.204501822
CITRAUR,THEOCA_45,480,21549,626,1218,NA,97.17700112739571,2.822998872604284,5.492671927846674,2.6696730552423897,Citrus aurantiifolia,Fruit,0.204501822
CITRAUR,COFFAR_85,279,12881,1299,108,NA,90.8392101551481,9.160789844851903,0.7616361071932299,-8.399153737658674,Citrus aurantiifolia,Fruit,0.204501822
CITRAUR,THEOCA_85,301,21491,684,1397,NA,96.91544532130779,3.084554678692221,6.29988726042841,3.2153325817361895,Citrus aurantiifolia,Fruit,0.204501822
CITRLI,COFFAR_45,1140,10501,2864,62,NA,78.57089412644969,21.42910587355032,0.46389824167601945,-20.9652076318743,Citrus limon,Fruit,0.230934031
CITRLI,THEOCA_45,2790,16245,2029,2809,NA,88.89679325818102,11.103206741818978,15.371566159570976,4.268359417751999,Citrus limon,Fruit,0.230934031
CITRLI,COFFAR_85,1110,9936,3429,92,NA,74.34343434343434,25.656565656565654,0.6883651328095773,-24.968200523756078,Citrus limon,Fruit,0.230934031
CITRLI,THEOCA_85,2237,16208,2066,3362,NA,88.694319798621,11.305680201379008,18.397723541643867,7.092043340264858,Citrus limon,Fruit,0.230934031
CITRRE,COFFAR_45,1332,11179,2054,2,NA,84.47819844328572,15.521801556714273,0.015113730824454016,-15.506687825889818,Citrus reticulata,Fruit,0.033388053
CITRRE,THEOCA_45,1281,20331,2240,21,NA,90.0757609321696,9.924239067830403,0.09303974126091002,-9.831199326569493,Citrus reticulata,Fruit,0.033388053
CITRRE,COFFAR_85,1330,10572,2661,4,NA,79.89118113806393,20.10881886193607,0.030227461648908032,-20.07859140028716,Citrus reticulata,Fruit,0.033388053
CITRRE,THEOCA_85,1290,18761,3810,12,NA,83.11993265694917,16.88006734305082,0.05316556643480573,-16.826901776616012,Citrus reticulata,Fruit,0.033388053
CITRSI,COFFAR_45,2462,9856,2208,41,NA,81.6976127320955,18.30238726790451,0.33985411140583555,-17.962533156498676,Citrus sinensis,Fruit,1.688878996
CITRSI,THEOCA_45,1646,20556,1036,635,NA,95.20192663949612,4.79807336050389,2.94090403853279,-1.8571693219711003,Citrus sinensis,Fruit,1.688878996
CITRSI,COFFAR_85,2476,8903,3161,27,NA,73.79807692307693,26.201923076923077,0.22380636604774537,-25.97811671087533,Citrus sinensis,Fruit,1.688878996
CITRSI,THEOCA_85,1590,20068,1524,691,NA,92.9418303075213,7.058169692478695,3.200259355316784,-3.8579103371619112,Citrus sinensis,Fruit,1.688878996
CORDAL,COFFAR_45,2052,11125,1214,176,NA,90.16127725099278,9.838722749007212,1.4263716670718858,-8.412351081935327,Cordia alliodora,Timber,11.63851868
CORDAL,THEOCA_45,1843,19900,1951,179,NA,91.07134684911445,8.928653150885543,0.8191844766829893,-8.109468674202553,Cordia alliodora,Timber,11.63851868
CORDAL,COFFAR_85,2047,10800,1539,181,NA,87.527352297593,12.472647702407002,1.4668935894318826,-11.005754112975119,Cordia alliodora,Timber,11.63851868
CORDAL,THEOCA_85,1869,19438,2413,153,NA,88.95702713834606,11.042972861653928,0.7001967873323875,-10.34277607432154,Cordia alliodora,Timber,11.63851868
DALBGL,COFFAR_45,3255,9437,1547,328,NA,85.91587764020393,14.084122359796067,2.986161689730517,-11.09796067006555,Dalbergia glomerata,Timber,0.264322083
DALBGL,THEOCA_45,4726,15747,3232,168,NA,82.97065177301228,17.02934822698772,0.8851888929869857,-16.144159334000737,Dalbergia glomerata,Timber,0.264322083
DALBGL,COFFAR_85,3301,8544,2440,282,NA,77.78587035688274,22.21412964311726,2.5673707210487984,-19.64675892206846,Dalbergia glomerata,Timber,0.264322083
DALBGL,THEOCA_85,4741,14735,4244,153,NA,77.63844248906686,22.361557510933135,0.806154170398862,-21.555403340534273,Dalbergia glomerata,Timber,0.264322083
DIPHAM,COFFAR_45,3695,8722,1931,219,NA,81.87365061485028,18.126349385149723,2.0557589411433397,-16.070590444006385,Diphysa americana,Timber,0.456303386
DIPHAM,THEOCA_45,3600,17717,1624,932,NA,91.6033297140789,8.3966702859211,4.818778760146839,-3.5778915257742616,Diphysa americana,Timber,0.456303386
DIPHAM,COFFAR_85,3720,8031,2622,194,NA,75.38721486905096,24.612785130949028,1.8210832629306297,-22.7917018680184,Diphysa americana,Timber,0.456303386
DIPHAM,THEOCA_85,3362,17359,1982,1170,NA,89.75233958947314,10.24766041052686,6.04932526756631,-4.19833514296055,Diphysa americana,Timber,0.456303386
ENTECY,COFFAR_45,4531,8173,882,981,NA,90.25952512424075,9.740474875759249,10.833793484262838,1.0933186085035889,Enterolobium cyclocarpum,Timber,2.085362121
ENTECY,THEOCA_45,4555,17104,819,1395,NA,95.43045249121242,4.569547508787592,7.783295207275567,3.2137476984879756,Enterolobium cyclocarpum,Timber,2.085362121
ENTECY,COFFAR_85,4355,8164,891,1157,NA,90.1601325234677,9.839867476532303,12.777471010491443,2.9376035339591393,Enterolobium cyclocarpum,Timber,2.085362121
ENTECY,THEOCA_85,4076,17142,781,1874,NA,95.64247056854322,4.357529431456787,10.455838866261228,6.098309434804441,Enterolobium cyclocarpum,Timber,2.085362121
ERYTBE,COFFAR_45,5178,6854,2511,24,NA,73.18739989321944,26.812600106780565,0.2562733582487987,-26.556326748531767,Erythrina berteroana,N-fixing,0.492473776
ERYTBE,THEOCA_45,5114,16207,1336,1216,NA,92.38442683691501,7.615573163084992,6.931539645442626,-0.6840335176423658,Erythrina berteroana,N-fixing,0.492473776
ERYTBE,COFFAR_85,5181,6221,3144,21,NA,66.42819006940736,33.571809930592636,0.22423918846769886,-33.34757074212494,Erythrina berteroana,N-fixing,0.492473776
ERYTBE,THEOCA_85,4834,15861,1682,1496,NA,90.41213019437953,9.587869805620475,8.52761785327481,-1.0602519523456646,Erythrina berteroana,N-fixing,0.492473776
ERYTCO,COFFAR_45,11271,2204,1089,3,NA,66.92985119951412,33.070148800485875,0.09110233829334953,-32.97904646219253,Erythrina costaricensis,N-fixing,2.776773045
ERYTCO,THEOCA_45,13906,7109,2835,23,NA,71.49034593724859,28.50965406275141,0.23129525341914725,-28.27835880933226,Erythrina costaricensis,N-fixing,2.776773045
ERYTCO,COFFAR_85,11274,2088,1205,0,NA,63.40722745217128,36.59277254782873,0,-36.59277254782873,Erythrina costaricensis,N-fixing,2.776773045
ERYTCO,THEOCA_85,13900,6984,2960,29,NA,70.23330651649235,29.766693483507645,0.2916331456154465,-29.4750603378922,Erythrina costaricensis,N-fixing,2.776773045
ERYTLA,COFFAR_45,9757,4124,337,349,NA,92.4456399910334,7.5543600089666,7.82335799148173,0.2689979825151303,Erythrina lanata,N-fixing,0.005564675
ERYTLA,THEOCA_45,22350,865,197,461,NA,81.45009416195856,18.54990583804143,43.40866290018832,24.85875706214689,Erythrina lanata,N-fixing,0.005564675
ERYTLA,COFFAR_85,9661,4123,338,445,NA,92.42322349249046,7.576776507509527,9.97534185160278,2.398565344093253,Erythrina lanata,N-fixing,0.005564675
ERYTLA,THEOCA_85,22307,836,226,504,NA,78.71939736346516,21.28060263653484,47.45762711864407,26.17702448210923,Erythrina lanata,N-fixing,0.005564675
ERYTPO,COFFAR_45,7685,2687,4195,0,NA,39.04388259226969,60.95611740773032,0,-60.95611740773032,Erythrina poeppigiana,N-fixing,1.567847305
ERYTPO,THEOCA_45,12828,3892,7153,0,NA,35.23766410140335,64.76233589859665,0,-64.76233589859665,Erythrina poeppigiana,N-fixing,1.567847305
ERYTPO,COFFAR_85,7685,2429,4453,0,NA,35.29497239174659,64.70502760825342,0,-64.70502760825342,Erythrina poeppigiana,N-fixing,1.567847305
ERYTPO,THEOCA_85,12828,3478,7567,0,NA,31.48936170212766,68.51063829787233,0,-68.51063829787233,Erythrina poeppigiana,N-fixing,1.567847305
GENIAM,COFFAR_45,1834,11107,1387,239,NA,88.89867136225388,11.101328637746118,1.9129182007363534,-9.188410437009765,Genipa americana,Fruit,0.239281044
GENIAM,THEOCA_45,1474,20340,1968,91,NA,91.17805271651426,8.821947283485745,0.4079254079254079,-8.414021875560337,Genipa americana,Fruit,0.239281044
GENIAM,COFFAR_85,1884,10369,2125,189,NA,82.99183608131904,17.008163918680967,1.5127261085320955,-15.495437810148871,Genipa americana,Fruit,0.239281044
GENIAM,THEOCA_85,1484,19567,2741,81,NA,87.71292809754348,12.287071902456518,0.3630984400215169,-11.923973462435,Genipa americana,Fruit,0.239281044
GLIRSE,COFFAR_45,1905,11436,877,349,NA,92.87744660115325,7.122553398846747,2.834402663851214,-4.288150734995533,Gliricidia sepium,N-fixing,12.3257561
GLIRSE,THEOCA_45,811,22157,455,450,NA,97.98779409163276,2.0122059083672386,1.990093755528038,-0.02211215283920054,Gliricidia sepium,N-fixing,12.3257561
GLIRSE,COFFAR_85,1885,11148,1165,369,NA,90.53845529115569,9.461544708844311,2.9968326159343786,-6.464712092909933,Gliricidia sepium,N-fixing,12.3257561
GLIRSE,THEOCA_85,726,22034,578,535,NA,97.44383513178843,2.556164868211569,2.3660003537944454,-0.1901645144171238,Gliricidia sepium,N-fixing,12.3257561
GUAZUL,COFFAR_45,759,12895,209,704,NA,98.40506715506714,1.5949328449328448,5.372405372405373,3.7774725274725283,Guazuma ulmifolia,Timber,8.753234468
GUAZUL,THEOCA_45,2037,20895,425,516,NA,98.00656660412757,1.9934333958724202,2.420262664165103,0.42682926829268286,Guazuma ulmifolia,Timber,8.753234468
GUAZUL,COFFAR_85,755,12860,244,708,NA,98.13797313797313,1.862026862026862,5.402930402930403,3.540903540903541,Guazuma ulmifolia,Timber,8.753234468
GUAZUL,THEOCA_85,1917,20955,365,636,NA,98.28799249530957,1.7120075046904315,2.9831144465290804,1.271106941838649,Guazuma ulmifolia,Timber,8.753234468
HYMECO,COFFAR_45,3271,8293,2542,461,NA,76.53899400092293,23.461005999077063,4.2547300415320715,-19.206275957544992,Hymenaea courbaril,Timber,0.198937147
HYMECO,THEOCA_45,8801,11181,3580,311,NA,75.7469006164894,24.2530993835106,2.1069033263329042,-22.146196057177697,Hymenaea courbaril,Timber,0.198937147
HYMECO,COFFAR_85,3294,7399,3436,438,NA,68.28795569912322,31.71204430087679,4.042455006922012,-27.66958929395478,Hymenaea courbaril,Timber,0.198937147
HYMECO,THEOCA_85,8726,10623,4138,386,NA,71.9666689248696,28.033331075130413,2.614998983808685,-25.418332091321727,Hymenaea courbaril,Timber,0.198937147
INGACL,COFFAR_45,1565,10358,2643,1,NA,79.67079455426506,20.329205445734942,0.007691716021844474,-20.321513729713097,Inga calderonii,N-fixing,0.049323259
INGACL,THEOCA_45,1781,17777,4309,6,NA,80.48990310604003,19.510096893959975,0.027166530834012496,-19.482930363125963,Inga calderonii,N-fixing,0.049323259
INGACL,COFFAR_85,1566,9251,3750,0,NA,71.15606491808323,28.843935081916776,0,-28.843935081916776,Inga calderonii,N-fixing,0.049323259
INGACL,THEOCA_85,1778,16529,5557,9,NA,74.83926469256542,25.160735307434575,0.040749796251018745,-25.119985511183557,Inga calderonii,N-fixing,0.049323259
INGACO,COFFAR_45,7249,5711,1572,35,NA,78.41548812302622,21.584511876973774,0.4805711931896196,-21.103940683784156,Inga cocleensis,N-fixing,0.049323259
INGACO,THEOCA_45,4264,17594,1936,79,NA,90.08704557091653,9.912954429083461,0.40450588837685614,-9.508448540706604,Inga cocleensis,N-fixing,0.049323259
INGACO,COFFAR_85,7268,5227,2056,16,NA,71.76987505148978,28.230124948510227,0.2196896883152547,-28.01043526019497,Inga cocleensis,N-fixing,0.049323259
INGACO,THEOCA_85,4244,17174,2356,99,NA,87.93650793650794,12.063492063492063,0.5069124423963134,-11.55657962109575,Inga cocleensis,N-fixing,0.049323259
INGADE,COFFAR_45,176,12564,1824,3,NA,87.32276897414512,12.67723102585488,0.020850708924103418,-12.656380316930777,Inga densiflora,N-fixing,0.049323259
INGADE,THEOCA_45,1052,20819,1759,243,NA,92.20923022411198,7.790769775888033,1.0762689343608822,-6.714500841527151,Inga densiflora,N-fixing,0.049323259
INGADE,COFFAR_85,179,11368,3020,0,NA,79.01028634973589,20.989713650264108,0,-20.989713650264108,Inga densiflora,N-fixing,0.049323259
INGADE,THEOCA_85,1038,20294,2284,257,NA,89.88395783506068,10.116042164939323,1.1382761980689167,-8.977765966870406,Inga densiflora,N-fixing,0.049323259
INGAED,COFFAR_45,66,12499,2002,0,NA,86.19405558237364,13.805944417626371,0,-13.805944417626371,Inga edulis,N-fixing,0.049323259
INGAED,THEOCA_45,1509,19105,2817,442,NA,87.14989508256545,12.85010491743454,2.0162393942158565,-10.833865523218684,Inga edulis,N-fixing,0.049323259
INGAED,COFFAR_85,66,11412,3089,0,NA,78.69802082614991,21.30197917385008,0,-21.30197917385008,Inga edulis,N-fixing,0.049323259
INGAED,THEOCA_85,1482,18502,3420,469,NA,84.3992336465651,15.600766353434906,2.139403339111395,-13.461363014323512,Inga edulis,N-fixing,0.049323259
INGAJI,COFFAR_45,3397,6375,4771,24,NA,57.195406423829176,42.804593576170824,0.2153238830073569,-42.589269693163466,Inga jinicuil,N-fixing,0.201719485
INGAJI,THEOCA_45,10997,5978,6866,32,NA,46.543132980379944,53.456867019620056,0.24914356898162568,-53.20772345063843,Inga jinicuil,N-fixing,0.201719485
INGAJI,COFFAR_85,3406,5498,5648,15,NA,49.327112865602004,50.672887134397996,0.13457742687959806,-50.5383097075184,Inga jinicuil,N-fixing,0.201719485
INGAJI,THEOCA_85,10988,5164,7680,41,NA,40.20554344440984,59.79445655559016,0.31921519775770785,-59.47524135783245,Inga jinicuil,N-fixing,0.201719485
INGALA,COFFAR_45,6485,6295,1556,231,NA,80.18086867914916,19.819131320850847,2.942300343905235,-16.876830976945612,Inga latibracteata,N-fixing,0.049323259
INGALA,THEOCA_45,15049,5877,2678,269,NA,68.69666861484512,31.30333138515488,3.1443600233781415,-28.15897136177674,Inga latibracteata,N-fixing,0.049323259
INGALA,COFFAR_85,6609,5596,2255,107,NA,71.27754426187747,28.722455738122534,1.3628837090816457,-27.359572029040887,Inga latibracteata,N-fixing,0.049323259
INGALA,THEOCA_85,15164,5204,3351,154,NA,60.82992402104033,39.17007597895967,1.8001168907071887,-37.369959088252486,Inga latibracteata,N-fixing,0.049323259
INGALE,COFFAR_45,8781,4232,1550,4,NA,73.19266689726737,26.807333102732617,0.06918021445866482,-26.73815288827395,Inga leiocalycina,N-fixing,0.004173507
INGALE,THEOCA_45,8835,12200,2808,30,NA,81.28997867803838,18.71002132196162,0.19989339019189767,-18.510127931769723,Inga leiocalycina,N-fixing,0.004173507
INGALE,COFFAR_85,8776,4053,1729,9,NA,70.09685230024213,29.90314769975787,0.15565548253199585,-29.747492217225876,Inga leiocalycina,N-fixing,0.004173507
INGALE,THEOCA_85,8785,11876,3132,80,NA,79.13113006396588,20.868869936034116,0.5330490405117271,-20.33582089552239,Inga leiocalycina,N-fixing,0.004173507
INGALR,COFFAR_45,1133,10954,2124,356,NA,83.75898455421319,16.241015445786818,2.7221287658663407,-13.518886679920477,Inga laurina,N-fixing,0.049323259
INGALR,THEOCA_45,3962,15290,4390,231,NA,77.69308943089432,22.306910569105693,1.173780487804878,-21.133130081300813,Inga laurina,N-fixing,0.049323259
INGALR,COFFAR_85,1145,9922,3156,344,NA,75.86786970484783,24.132130295152162,2.6303716164551156,-21.501758678697048,Inga laurina,N-fixing,0.049323259
INGALR,THEOCA_85,3797,14363,5317,396,NA,72.98272357723577,27.01727642276423,2.0121951219512195,-25.00508130081301,Inga laurina,N-fixing,0.049323259
INGAMI,COFFAR_45,3405,7460,3698,4,NA,66.85785983151102,33.14214016848898,0.0358487184083169,-33.10629145008066,Inga micheliana,N-fixing,0.087643638
INGAMI,THEOCA_45,11921,7171,4615,166,NA,60.8433734939759,39.1566265060241,1.4084507042253522,-37.748175801798745,Inga micheliana,N-fixing,0.087643638
INGAMI,COFFAR_85,3409,6597,4561,0,NA,59.12349883491665,40.876501165083354,0,-40.876501165083354,Inga micheliana,N-fixing,0.087643638
INGAMI,THEOCA_85,11926,6751,5035,161,NA,57.279823519429826,42.72017648057017,1.3660274902426608,-41.35414899032751,Inga micheliana,N-fixing,0.087643638
INGANO,COFFAR_45,8091,4646,1829,1,NA,71.75289575289575,28.24710424710425,0.015444015444015444,-28.231660231660236,Inga nobilis,N-fixing,0.001391169
INGANO,THEOCA_45,9441,10928,3455,49,NA,75.97858583049434,24.021414169505668,0.3406799694083293,-23.68073420009734,Inga nobilis,N-fixing,0.001391169
INGANO,COFFAR_85,8092,4377,2098,0,NA,67.5984555984556,32.4015444015444,0,-32.4015444015444,Inga nobilis,N-fixing,0.001391169
INGANO,THEOCA_85,9427,10580,3803,63,NA,73.5590627824515,26.440937217548495,0.43801710352499473,-26.0029201140235,Inga nobilis,N-fixing,0.001391169
INGAOE,COFFAR_45,3974,6456,4127,10,NA,61.00349617310782,38.99650382689219,0.09449116507606539,-38.90201266181612,Inga oerstediana,N-fixing,0.843048329
INGAOE,THEOCA_45,8463,10448,4879,83,NA,68.16728648789717,31.832713512102824,0.5415280224440531,-31.291185489658773,Inga oerstediana,N-fixing,0.843048329
INGAOE,COFFAR_85,3979,5404,5179,5,NA,51.063025607105736,48.936974392894264,0.047245582538032696,-48.88972881035623,Inga oerstediana,N-fixing,0.843048329
INGAOE,THEOCA_85,8450,9703,5624,96,NA,63.3065831539114,36.6934168460886,0.6263456645136034,-36.067071181575,Inga oerstediana,N-fixing,0.843048329
INGAPA,COFFAR_45,3629,8732,2179,27,NA,80.02932820089818,19.970671799101826,0.2474566950783613,-19.723215104023463,Inga pavoniana,N-fixing,0.077905456
INGAPA,THEOCA_45,4402,16634,2775,62,NA,85.7025091452419,14.297490854758102,0.3194394353135144,-13.978051419444588,Inga pavoniana,N-fixing,0.077905456
INGAPA,COFFAR_85,3640,7836,3075,16,NA,71.81743194940886,28.182568050591144,0.14664100449088077,-28.035927046100262,Inga pavoniana,N-fixing,0.077905456
INGAPA,THEOCA_85,4395,15580,3829,69,NA,80.27203874491215,19.727961255087845,0.3555051780102015,-19.372456077077643,Inga pavoniana,N-fixing,0.077905456
INGAPU,COFFAR_45,2612,9279,2638,38,NA,77.86355626416044,22.136443735839556,0.3188721993790384,-21.81757153646052,Inga punctata,N-fixing,0.382571437
INGAPU,THEOCA_45,2366,19182,2072,253,NA,90.25124682412722,9.748753175872777,1.1903641667450833,-8.558389009127694,Inga punctata,N-fixing,0.382571437
INGAPU,COFFAR_85,2608,8397,3520,42,NA,70.46236468909962,29.537635310900395,0.35243769405051606,-29.18519761684988,Inga punctata,N-fixing,0.382571437
INGAPU,THEOCA_85,2426,18595,2659,193,NA,87.48941375741038,12.51058624258963,0.9080643643549449,-11.602521878234686,Inga punctata,N-fixing,0.382571437
INGARU,COFFAR_45,10254,2296,2017,0,NA,53.23440760491537,46.765592395084624,0,-46.765592395084624,Inga ruiziana,N-fixing,0.086252469
INGARU,THEOCA_45,14231,5816,3740,86,NA,60.86228547509418,39.13771452490582,0.8999581414817915,-38.23775638342403,Inga ruiziana,N-fixing,0.086252469
INGARU,COFFAR_85,10254,2328,1985,0,NA,53.97635056805008,46.02364943194992,0,-46.02364943194992,Inga ruiziana,N-fixing,0.086252469
INGARU,THEOCA_85,14248,5422,4134,69,NA,56.739221431561326,43.26077856843868,0.722059439095856,-42.53871912934282,Inga ruiziana,N-fixing,0.086252469
INGASE,COFFAR_45,1974,9695,2898,0,NA,76.98721511951085,23.01278488048916,0,-23.01278488048916,Inga semialata,N-fixing,0.049323259
INGASE,THEOCA_45,2218,17851,3795,9,NA,82.4678924512612,17.532107548738797,0.04157812066894576,-17.490529428069852,Inga semialata,N-fixing,0.049323259
INGASE,COFFAR_85,1974,8606,3987,0,NA,68.33955372032081,31.66044627967919,0,-31.66044627967919,Inga semialata,N-fixing,0.049323259
INGASE,THEOCA_85,2217,16571,5075,10,NA,76.55455973390004,23.445440266099972,0.04619791185438418,-23.399242354245587,Inga semialata,N-fixing,0.049323259
INGASM,COFFAR_45,10211,3593,742,21,NA,82.88350634371395,17.116493656286043,0.4844290657439446,-16.632064590542097,Inga samanensis,N-fixing,0.049323259
INGASM,THEOCA_45,8833,12853,2061,126,NA,86.18076974654687,13.819230253453133,0.8448437709534665,-12.974386482499666,Inga samanensis,N-fixing,0.049323259
INGASM,COFFAR_85,10218,3435,900,14,NA,79.23875432525952,20.761245674740483,0.32295271049596314,-20.43829296424452,Inga samanensis,N-fixing,0.049323259
INGASM,THEOCA_85,8815,12598,2316,144,NA,84.47096687676009,15.529033123239907,0.9655357382325332,-14.563497385007373,Inga samanensis,N-fixing,0.049323259
INGASS,COFFAR_45,1046,10368,3147,6,NA,76.7147613762486,23.285238623751386,0.04439511653718091,-23.240843507214205,Inga sapindoides,N-fixing,0.049323259
INGASS,THEOCA_45,2182,17646,4004,41,NA,81.50577367205543,18.494226327944574,0.18937644341801385,-18.30484988452656,Inga sapindoides,N-fixing,0.049323259
INGASS,COFFAR_85,1048,9226,4289,4,NA,68.26489086200517,31.735109137994822,0.029596744358120607,-31.705512393636702,Inga sapindoides,N-fixing,0.049323259
INGASS,THEOCA_85,2198,16352,5298,25,NA,75.52886836027713,24.471131639722866,0.11547344110854503,-24.35565819861432,Inga sapindoides,N-fixing,0.049323259
INGAST,COFFAR_45,1508,9821,3232,6,NA,75.23940856508082,24.760591434919178,0.04596644449551827,-24.71462499042366,Inga spectabilis,N-fixing,0.049323259
INGAST,THEOCA_45,4100,14722,5020,31,NA,74.571978522946,25.428021477053996,0.157025630635194,-25.270995846418803,Inga spectabilis,N-fixing,0.049323259
INGAST,COFFAR_85,1508,8557,4496,6,NA,65.55581092469164,34.44418907530836,0.04596644449551827,-34.39822263081284,Inga spectabilis,N-fixing,0.049323259
INGAST,THEOCA_85,4080,13677,6065,51,NA,69.27869516766285,30.721304832337147,0.25833248910951273,-30.462972343227634,Inga spectabilis,N-fixing,0.049323259
INGAVE,COFFAR_45,2965,9718,1659,225,NA,85.41794849257273,14.582051507427266,1.9776742550760305,-12.604377252351236,Inga vera,N-fixing,0.959906513
INGAVE,THEOCA_45,4697,16868,1766,542,NA,90.52270044005581,9.47729955994419,2.9086615863475367,-6.568637973596653,Inga vera,N-fixing,0.959906513
INGAVE,COFFAR_85,3071,8626,2751,119,NA,75.81963610793706,24.180363892062935,1.0459699393513229,-23.134393952711612,Inga vera,N-fixing,0.959906513
INGAVE,THEOCA_85,4831,15970,2664,408,NA,85.70355264570141,14.296447354298595,2.1895459911988837,-12.10690136309971,Inga vera,N-fixing,0.959906513
JATRCU,COFFAR_45,1726,10666,2015,160,NA,84.1100859553663,15.889914044633704,1.2617301474647111,-14.628183897168993,Jatropha curcas,N-fixing,0.153028575
JATRCU,THEOCA_45,4532,16859,2106,376,NA,88.89533350909569,11.104666490904297,1.982599525441603,-9.122066965462693,Jatropha curcas,N-fixing,0.153028575
JATRCU,COFFAR_85,1701,10272,2409,185,NA,81.00307546723444,18.996924532765554,1.458875483006072,-17.538049049759483,Jatropha curcas,N-fixing,0.153028575
JATRCU,THEOCA_85,4562,16435,2530,346,NA,86.6596361718956,13.340363828104405,1.8244133930925388,-11.515950435011867,Jatropha curcas,N-fixing,0.153028575
JUGLOL,COFFAR_45,352,11165,3045,5,NA,78.57142857142857,21.428571428571427,0.03518648838845883,-21.39338494018297,Juglans olanchana,Timber,0.161375588
JUGLOL,THEOCA_45,7325,10860,5600,88,NA,65.97812879708384,34.02187120291616,0.534629404617254,-33.4872417982989,Juglans olanchana,Timber,0.161375588
JUGLOL,COFFAR_85,349,9945,4265,8,NA,69.9859254046446,30.014074595355382,0.05629838142153413,-29.957776213933847,Juglans olanchana,Timber,0.161375588
JUGLOL,THEOCA_85,7291,9917,6543,122,NA,60.24908869987849,39.75091130012151,0.741190765492102,-39.00972053462941,Juglans olanchana,Timber,0.161375588
LEUCLEU,COFFAR_45,3554,8862,1659,492,NA,84.23153692614771,15.768463073852296,4.676361562589108,-11.092101511263188,Leucaena leucocephala,N-fixing,0.193372472
LEUCLEU,THEOCA_45,7180,14695,880,1118,NA,94.34991974317816,5.6500802568218305,7.178170144462278,1.5280898876404478,Leucaena leucocephala,N-fixing,0.193372472
LEUCLEU,COFFAR_85,3413,8424,2097,633,NA,80.06843455945253,19.931565440547477,6.016538351867693,-13.915027088679784,Leucaena leucocephala,N-fixing,0.193372472
LEUCLEU,THEOCA_85,7065,14482,1093,1233,NA,92.98234349919743,7.017656500802569,7.9165329052969495,0.8988764044943807,Leucaena leucocephala,N-fixing,0.193372472
MACLTI,COFFAR_45,3583,8387,2047,550,NA,80.38144527506229,19.618554724937702,5.271228675483995,-14.347326049453708,Maclura tinctoria,Timber,0.299101305
MACLTI,THEOCA_45,4368,15280,2150,2075,NA,87.6649454962708,12.335054503729202,11.904761904761903,-0.43029259896729855,Maclura tinctoria,Timber,0.299101305
MACLTI,COFFAR_85,3436,8288,2146,697,NA,79.43262411347519,20.56737588652482,6.680084339658808,-13.887291546866013,Maclura tinctoria,Timber,0.299101305
MACLTI,THEOCA_85,4132,15355,2075,2311,NA,88.09523809523809,11.904761904761903,13.258749282845669,1.3539873780837652,Maclura tinctoria,Timber,0.299101305
MAMMAM,COFFAR_45,10353,3144,727,343,NA,81.2193231723069,18.780676827693103,8.860759493670885,-9.919917334022218,Mammea americana,Fruit,0.013911689
MAMMAM,THEOCA_45,5674,15846,1245,1108,NA,92.71546427944533,7.284535720554677,6.4829442396583,-0.8015914808963771,Mammea americana,Fruit,0.013911689
MAMMAM,COFFAR_85,10358,2933,938,338,NA,75.76853526220614,24.23146473779385,8.731593903384137,-15.499870834409712,Mammea americana,Fruit,0.013911689
MAMMAM,THEOCA_85,5497,15667,1424,1285,NA,91.66812942484349,8.331870575156515,7.518577028845591,-0.8132935463109234,Mammea americana,Fruit,0.013911689
MANGIN,COFFAR_45,1192,9475,3837,63,NA,71.17638221153845,28.823617788461537,0.4732572115384615,-28.350360576923077,Mangifera indica,Fruit,0.811051445
MANGIN,THEOCA_45,3848,16592,2998,435,NA,84.69627360898417,15.303726391015823,2.22052067381317,-13.083205717202652,Mangifera indica,Fruit,0.811051445
MANGIN,COFFAR_85,1205,8107,5205,50,NA,60.89993990384615,39.10006009615385,0.37560096153846156,-38.72445913461539,Mangifera indica,Fruit,0.811051445
MANGIN,THEOCA_85,3832,15814,3776,451,NA,80.72485962225625,19.275140377743746,2.3021949974476774,-16.972945380296068,Mangifera indica,Fruit,0.811051445
MANIZA,COFFAR_45,6576,6028,619,1344,NA,90.68752820821423,9.312471791785768,20.219647961486384,10.907176169700616,Manilkara zapota,Fruit,0.026432208
MANIZA,THEOCA_45,4546,17389,1234,704,NA,93.37378510444074,6.626214895559254,3.780271707028943,-2.8459431885303115,Manilkara zapota,Fruit,0.026432208
MANIZA,COFFAR_85,6430,5863,784,1490,NA,88.2052053557996,11.794794644200392,22.416127576350235,10.621332932149842,Manilkara zapota,Fruit,0.026432208
MANIZA,THEOCA_85,4647,16984,1639,603,NA,91.19905493207324,8.800945067926758,3.237931589969393,-5.563013477957365,Manilkara zapota,Fruit,0.026432208
MELIBI,COFFAR_45,9369,3721,1439,38,NA,72.1124031007752,27.887596899224803,0.7364341085271318,-27.151162790697672,Melicoccus bijugatus,Fruit,0.054255586
MELIBI,THEOCA_45,6265,13854,1232,2522,NA,91.83348800212117,8.166511997878828,16.71748641124221,8.550974413363381,Melicoccus bijugatus,Fruit,0.054255586
MELIBI,COFFAR_85,9332,3630,1530,75,NA,70.34883720930233,29.651162790697676,1.4534883720930232,-28.197674418604652,Melicoccus bijugatus,Fruit,0.054255586
MELIBI,THEOCA_85,4765,13961,1125,4022,NA,92.54275487206681,7.4572451279331835,26.660479915153125,19.20323478721994,Melicoccus bijugatus,Fruit,0.054255586
OCHRPY,COFFAR_45,7820,4945,1788,14,NA,73.4442299123719,26.5557700876281,0.20793108569731175,-26.34783900193079,Ochroma pyramidale,Timber,0.052864417
OCHRPY,THEOCA_45,5718,14569,3345,241,NA,81.3274533884113,18.672546611588704,1.3453165122250754,-17.32723009936363,Ochroma pyramidale,Timber,0.052864417
OCHRPY,COFFAR_85,7824,4656,2077,10,NA,69.1519382147631,30.84806178523689,0.1485222040695084,-30.699539581167382,Ochroma pyramidale,Timber,0.052864417
OCHRPY,THEOCA_85,5706,13951,3963,253,NA,77.87763760187562,22.122362398124373,1.4123032265267388,-20.710059171597635,Ochroma pyramidale,Timber,0.052864417
PACHQU,COFFAR_45,11132,1905,1440,90,NA,56.95067264573991,43.04932735426009,2.690582959641256,-40.35874439461884,Pachira quinata,Timber,2.508277455
PACHQU,THEOCA_45,14510,6744,2420,199,NA,73.59231776516805,26.407682234831952,2.171540811872545,-24.236141422959406,Pachira quinata,Timber,2.508277455
PACHQU,COFFAR_85,11150,1927,1418,72,NA,57.6083707025411,42.39162929745889,2.1524663677130045,-40.23916292974589,Pachira quinata,Timber,2.508277455
PACHQU,THEOCA_85,14535,6768,2396,174,NA,73.85421213443911,26.145787865560887,1.89873417721519,-24.247053688345698,Pachira quinata,Timber,2.508277455
PENTMA,COFFAR_45,9761,4092,654,60,NA,86.21997471554994,13.780025284450062,1.2642225031605563,-12.515802781289505,Pentaclethra macroloba,Timber,0.274060265
PENTMA,THEOCA_45,5937,16272,1442,222,NA,91.85954612171165,8.140453878288358,1.2532460200970983,-6.88720785819126,Pentaclethra macroloba,Timber,0.274060265
PENTMA,COFFAR_85,9775,3745,1001,46,NA,78.90855457227138,21.091445427728615,0.9692372524230931,-20.122208175305524,Pentaclethra macroloba,Timber,0.274060265
PENTMA,THEOCA_85,5910,15660,2054,249,NA,88.40465168793045,11.595348312069548,1.4056678333521508,-10.189680478717397,Pentaclethra macroloba,Timber,0.274060265
PERSAM,COFFAR_45,1117,9326,4124,0,NA,69.33828996282529,30.66171003717472,0,-30.66171003717472,Persea americana,Fruit,1.001641579
PERSAM,THEOCA_45,5375,11943,6522,33,NA,64.67912266450041,35.320877335499596,0.17871649065800163,-35.14216084484159,Persea americana,Fruit,1.001641579
PERSAM,COFFAR_85,1117,7578,5872,0,NA,56.34200743494424,43.657992565055764,0,-43.657992565055764,Persea americana,Fruit,1.001641579
PERSAM,THEOCA_85,5400,9457,9008,8,NA,51.21581370159761,48.78418629840238,0.04332520985648524,-48.7408610885459,Persea americana,Fruit,1.001641579
PERYGR,COFFAR_45,3809,6932,3808,18,NA,64.54376163873371,35.456238361266294,0.16759776536312848,-35.28864059590317,Perymenium grande,Timber,0.197545978
PERYGR,THEOCA_45,16145,2097,5602,29,NA,27.237303545915054,72.76269645408495,0.37667229510326017,-72.38602415898168,Perymenium grande,Timber,0.197545978
PERYGR,COFFAR_85,3808,5755,4985,19,NA,53.58472998137802,46.415270018621975,0.17690875232774675,-46.23836126629423,Perymenium grande,Timber,0.197545978
PERYGR,THEOCA_85,16148,1166,6533,26,NA,15.144824003117288,84.85517599688272,0.33770619560981946,-84.5174698012729,Perymenium grande,Timber,0.197545978
PIMEDI,COFFAR_45,5024,7451,1933,159,NA,79.40110826939471,20.598891730605285,1.6943734015345269,-18.904518329070758,Pimenta dioica,Fruit,0.136334548
PIMEDI,THEOCA_45,6477,15319,1870,207,NA,89.12094944441212,10.879050555587876,1.204258537436733,-9.674792018151143,Pimenta dioica,Fruit,0.136334548
PIMEDI,COFFAR_85,5079,6294,3090,104,NA,67.07161125319693,32.928388746803066,1.1082693947144073,-31.820119352088657,Pimenta dioica,Fruit,0.136334548
PIMEDI,THEOCA_85,6530,14196,2993,154,NA,82.5877014369655,17.412298563034497,0.895921810460178,-16.51637675257432,Pimenta dioica,Fruit,0.136334548
PINUOO,COFFAR_45,3816,8427,2294,30,NA,78.6027422815036,21.39725771849641,0.27982464322357986,-21.117433075272828,Pinus oocarpa,Timber,0.460476893
PINUOO,THEOCA_45,17877,3553,2056,387,NA,63.344624710287036,36.65537528971296,6.899625601711536,-29.755749688001423,Pinus oocarpa,Timber,0.460476893
PINUOO,COFFAR_85,3833,7574,3147,13,NA,70.64639492584647,29.35360507415353,0.12125734539688462,-29.232347728756647,Pinus oocarpa,Timber,0.460476893
PINUOO,THEOCA_85,18036,2670,2939,228,NA,47.60206810483152,52.39793189516848,4.064895703333928,-48.33303619183455,Pinus oocarpa,Timber,0.460476893
PLATDI,COFFAR_45,3703,8544,2064,256,NA,80.54298642533936,19.457013574660635,2.413273001508296,-17.04374057315234,Platymiscium dimorphandrum,Timber,0.087643638
PLATDI,THEOCA_45,4841,16745,1833,454,NA,90.1334912261815,9.866508773818495,2.4437506728388416,-7.422758100979653,Platymiscium dimorphandrum,Timber,0.087643638
PLATDI,COFFAR_85,3720,7859,2749,239,NA,74.08559577677225,25.914404223227756,2.2530165912518854,-23.66138763197587,Platymiscium dimorphandrum,Timber,0.087643638
PLATDI,THEOCA_85,4822,16216,2362,473,NA,87.28603724835827,12.713962751641727,2.5460221767682203,-10.167940574873507,Platymiscium dimorphandrum,Timber,0.087643638
POUTSA,COFFAR_45,8116,5195,855,401,NA,85.86776859504133,14.132231404958679,6.628099173553719,-7.50413223140496,Pouteria sapota,Fruit,0.286580785
POUTSA,THEOCA_45,1645,20617,632,979,NA,97.02574238787707,2.9742576121229236,4.607275636500542,1.633018024377618,Pouteria sapota,Fruit,0.286580785
POUTSA,COFFAR_85,8114,4946,1104,403,NA,81.75206611570248,18.24793388429752,6.661157024793389,-11.58677685950413,Pouteria sapota,Fruit,0.286580785
POUTSA,THEOCA_85,1487,20354,895,1137,NA,95.78803708409808,4.211962915901925,5.350840039531271,1.1388771236293467,Pouteria sapota,Fruit,0.286580785
PSIDFR,COFFAR_45,4387,6430,3375,375,NA,65.57878633350332,34.42121366649668,3.8245792962774097,-30.596634370219274,Psidium friedrichsthalianum,Fruit,0.022258701999999998
PSIDFR,THEOCA_45,7495,13186,2401,791,NA,84.59613780714697,15.403862192853019,5.074741771989479,-10.32912042086354,Psidium friedrichsthalianum,Fruit,0.022258701999999998
PSIDFR,COFFAR_85,4349,5583,4222,413,NA,56.940336562978075,43.059663437021925,4.212136664966853,-38.84752677205507,Psidium friedrichsthalianum,Fruit,0.022258701999999998
PSIDFR,THEOCA_85,7146,12674,2913,1140,NA,81.31134920125746,18.688650798742543,7.3137871303008914,-11.374863668441652,Psidium friedrichsthalianum,Fruit,0.022258701999999998
PSIDGU,COFFAR_45,120,12386,2060,1,NA,85.73999723106742,14.260002768932575,0.006922331441229407,-14.253080437491345,Psidium guajava,Fruit,2.252302384
PSIDGU,THEOCA_45,2884,15918,5023,48,NA,76.01356191203858,23.986438087961414,0.22921541473664106,-23.757222673224774,Psidium guajava,Fruit,2.252302384
PSIDGU,COFFAR_85,120,11255,3191,1,NA,77.91084037103695,22.089159628963035,0.006922331441229407,-22.082237297521807,Psidium guajava,Fruit,2.252302384
PSIDGU,THEOCA_85,2881,14334,6607,51,NA,68.44945322572943,31.550546774270572,0.24354137815768112,-31.307005396112892,Psidium guajava,Fruit,2.252302384
QUEROL,COFFAR_45,6721,5511,2170,165,NA,71.74847025126937,28.251529748730636,2.148157791954173,-26.103371956776463,Quercus oleoides,Timber,0.196154809
QUEROL,THEOCA_45,8738,11861,3076,198,NA,79.40684207002745,20.593157929972552,1.3255673830086363,-19.267590546963916,Quercus oleoides,Timber,0.196154809
QUEROL,COFFAR_85,6781,4519,3162,105,NA,58.83348522327822,41.16651477672178,1.3670095039708372,-39.79950527275095,Quercus oleoides,Timber,0.196154809
QUEROL,THEOCA_85,8776,11068,3869,160,NA,74.09787775323024,25.902122246769764,1.071165562027181,-24.83095668474258,Quercus oleoides,Timber,0.196154809
SAMASA,COFFAR_45,7840,5343,1055,329,NA,83.51047202250703,16.489527977492966,5.142231947483589,-11.347296030009376,Albizia saman,Timber,1.435686264
SAMASA,THEOCA_45,3590,17783,544,1956,NA,97.03170186064277,2.9682981393572323,10.672777868718285,7.7044797293610525,Albizia saman,Timber,1.435686264
SAMASA,COFFAR_85,7815,5234,1164,354,NA,81.80681462957175,18.193185370428257,5.5329790559549865,-12.660206314473271,Albizia saman,Timber,1.435686264
SAMASA,THEOCA_85,3105,17799,528,2441,NA,97.11900474709445,2.880995252905549,13.319146614284936,10.438151361379386,Albizia saman,Timber,1.435686264
SCHIPA,COFFAR_45,5817,7511,1087,152,NA,87.3575250058153,12.642474994184694,1.767852989067225,-10.87462200511747,Schizolobium parahyba,Timber,0.293536629
SCHIPA,THEOCA_45,2046,20223,1079,525,NA,94.93474791099428,5.065252089005727,2.464557318561637,-2.60069477044409,Schizolobium parahyba,Timber,0.293536629
SCHIPA,COFFAR_85,5875,7147,1451,94,NA,83.12398232147011,16.87601767852989,1.0932775063968365,-15.782740172133055,Schizolobium parahyba,Timber,0.293536629
SCHIPA,THEOCA_85,1927,19873,1429,644,NA,93.29170969861985,6.708290301380152,3.0231903107689417,-3.68509999061121,Schizolobium parahyba,Timber,0.293536629
SENNAT,COFFAR_45,7576,5812,586,593,NA,90.84088777743045,9.159112222569552,9.268521412941544,0.10940919037199137,Senna atomaria,N-fixing,0.037561559
SENNAT,THEOCA_45,15714,4966,161,3032,NA,96.85976204408036,3.140237955919641,59.137897405890385,55.99765944997074,Senna atomaria,N-fixing,0.037561559
SENNAT,COFFAR_85,7285,5767,631,884,NA,90.13754298218193,9.862457017818068,13.816817755548607,3.954360737730539,Senna atomaria,N-fixing,0.037561559
SENNAT,THEOCA_85,15056,4982,145,3690,NA,97.17183538131461,2.828164618685391,71.97191339964891,69.14374878096352,Senna atomaria,N-fixing,0.037561559
SIMAGL,COFFAR_45,4593,8260,1097,617,NA,88.27615688789142,11.72384311210858,6.593993801432083,-5.129849310676498,Simarouba glauca,Timber,0.112684678
SIMAGL,THEOCA_45,3766,18556,1393,158,NA,93.01719384430297,6.982806155697027,0.7920196501077748,-6.190786505589252,Simarouba glauca,Timber,0.112684678
SIMAGL,COFFAR_85,4648,7640,1717,562,NA,81.6501015282676,18.34989847173239,6.0061985679170675,-12.343699903815324,Simarouba glauca,Timber,0.112684678
SIMAGL,THEOCA_85,3780,17599,2350,144,NA,88.21996090029576,11.780039099704245,0.7218406937691112,-11.058198405935133,Simarouba glauca,Timber,0.112684678
SPONDU,COFFAR_45,4089,9988,267,223,NA,97.39639200390053,2.603607996099464,2.174549000487567,-0.42905899561189687,Spondias dulcis,Fruit,0.011129350999999999
SPONDU,THEOCA_45,1609,21291,871,102,NA,96.06984929158018,3.9301507084198177,0.46024727010197636,-3.4699034383178415,Spondias dulcis,Fruit,0.011129350999999999
SPONDU,COFFAR_85,3987,9968,287,325,NA,97.20136518771331,2.7986348122866893,3.1691857630424183,0.37055095075572897,Spondias dulcis,Fruit,0.011129350999999999
SPONDU,THEOCA_85,1544,21321,841,167,NA,96.20521613572782,3.7947838642721776,0.75354209908853,-3.0412417651836474,Spondias dulcis,Fruit,0.011129350999999999
SPONMO,COFFAR_45,5554,7510,413,1090,NA,94.787328032311,5.2126719676890065,13.757415120535152,8.544743152846145,Spondias mombin,Fruit,0.69558443
SPONMO,THEOCA_45,334,22873,200,466,NA,99.13318597494907,0.8668140250509253,2.019676678368656,1.1528626533177306,Spondias mombin,Fruit,0.69558443
SPONMO,COFFAR_85,5506,7382,541,1138,NA,93.17177836678026,6.82822163321974,14.363246245109176,7.535024611889436,Spondias mombin,Fruit,0.69558443
SPONMO,THEOCA_85,362,22856,217,438,NA,99.05950678281975,0.940493217180254,1.8983227148615265,0.9578294976812725,Spondias mombin,Fruit,0.69558443
SPONPU,COFFAR_45,2120,11247,927,273,NA,92.38541153277477,7.614588467225233,2.2424839822572697,-5.372104484967963,Spondias purpurea,Fruit,0.616287805
SPONPU,THEOCA_45,3088,18782,818,1185,NA,95.8265306122449,4.173469387755102,6.045918367346939,1.8724489795918373,Spondias purpurea,Fruit,0.616287805
SPONPU,COFFAR_85,2114,10998,1176,279,NA,90.34006899950715,9.659931000492854,2.291769344504682,-7.368161655988172,Spondias purpurea,Fruit,0.616287805
SPONPU,THEOCA_85,2776,18694,906,1497,NA,95.37755102040816,4.622448979591836,7.637755102040816,3.0153061224489797,Spondias purpurea,Fruit,0.616287805
SWIEHU,COFFAR_45,8538,5284,462,283,NA,91.95962408632093,8.04037591367908,4.925165332405151,-3.115210581273929,Swietenia humilis,Timber,0.091817145
SWIEHU,THEOCA_45,20405,2705,544,219,NA,83.2563865804863,16.743613419513697,6.740535549399815,-10.00307787011388,Swietenia humilis,Timber,0.091817145
SWIEHU,COFFAR_85,8589,5161,585,232,NA,89.81900452488688,10.180995475113122,4.03759136790811,-6.143404107205011,Swietenia humilis,Timber,0.091817145
SWIEHU,THEOCA_85,20474,2442,807,150,NA,75.16158818097877,24.838411819021236,4.616805170821792,-20.221606648199444,Swietenia humilis,Timber,0.091817145
SWIEMA,COFFAR_45,6213,7464,635,255,NA,92.15952586739104,7.840474132608964,3.148536856402025,-4.691937276206939,Swietenia macrophylla,Timber,0.920953785
SWIEMA,THEOCA_45,1668,20017,2128,60,NA,90.39060736057802,9.609392639421992,0.27094152178821407,-9.338451117633777,Swietenia macrophylla,Timber,0.920953785
SWIEMA,COFFAR_85,6225,7284,815,243,NA,89.93702926287196,10.06297073712804,3.000370416100753,-7.062600321027287,Swietenia macrophylla,Timber,0.920953785
SWIEMA,THEOCA_85,1682,19037,3108,46,NA,85.96522917137051,14.034770828629487,0.20772183337096412,-13.827048995258522,Swietenia macrophylla,Timber,0.920953785
SYZYJA,COFFAR_45,638,10430,3464,35,NA,75.0683748380596,24.931625161940406,0.2519072981142939,-24.679717863826113,Syzygium jambos,Fruit,0.249019226
SYZYJA,THEOCA_45,5186,14663,3960,64,NA,78.7359716479622,21.264028352037805,0.3436610642753584,-20.920367287762446,Syzygium jambos,Fruit,0.249019226
SYZYJA,COFFAR_85,645,9214,4680,28,NA,66.31639556643155,33.68360443356845,0.20152583849143516,-33.48207859507701,Syzygium jambos,Fruit,0.249019226
SYZYJA,THEOCA_85,5179,13443,5180,71,NA,72.18493261021318,27.815067389786822,0.3812489931804758,-27.43381839660635,Syzygium jambos,Fruit,0.249019226
SYZYMA,COFFAR_45,6647,5666,2183,71,NA,72.18753981398905,27.812460186010956,0.9045738310612816,-26.907886354949675,Syzygium malaccense,Fruit,0.043126235
SYZYMA,THEOCA_45,4991,15075,3743,64,NA,80.10946965671167,19.89053034328834,0.3400999043469019,-19.550430438941437,Syzygium malaccense,Fruit,0.043126235
SYZYMA,COFFAR_85,6662,5156,2693,56,NA,65.6898968021404,34.3101031978596,0.7134666836539687,-33.59663651420563,Syzygium malaccense,Fruit,0.043126235
SYZYMA,THEOCA_85,4942,14374,4444,113,NA,76.384312891912,23.615687108088,0.6004888936124987,-23.0151982144755,Syzygium malaccense,Fruit,0.043126235
TABERO,COFFAR_45,2529,10840,841,357,NA,92.80027394914819,7.199726050851811,3.0562451844876293,-4.143480866364182,Tabebuia rosea,Timber,6.435547147
TABERO,THEOCA_45,2082,20554,540,697,NA,97.44003034038116,2.559969659618849,3.3042571347302547,0.7442874751114057,Tabebuia rosea,Timber,6.435547147
TABERO,COFFAR_85,2594,10428,1253,292,NA,89.27317866621009,10.726821333789916,2.4997859772279774,-8.227035356561938,Tabebuia rosea,Timber,6.435547147
TABERO,THEOCA_85,2045,20438,656,734,NA,96.89011093201859,3.1098890679814164,3.4796624632596944,0.369773395278278,Tabebuia rosea,Timber,6.435547147
TAMAIN,COFFAR_45,7097,5865,331,1274,NA,94.65784377017431,5.342156229825694,20.561652679147837,15.219496449322143,Tamarindus indica,Fruit,0.086252469
TAMAIN,THEOCA_45,4035,17885,348,1605,NA,98.09137278560851,1.9086272143914877,8.802720342236604,6.8940931278451165,Tamarindus indica,Fruit,0.086252469
TAMAIN,COFFAR_85,6622,5842,354,1749,NA,94.28663653970304,5.713363460296965,28.227888960619758,22.514525500322794,Tamarindus indica,Fruit,0.086252469
TAMAIN,THEOCA_85,3475,17928,305,2165,NA,98.327208906927,1.6727910930729994,11.874074480337848,10.201283387264848,Tamarindus indica,Fruit,0.086252469
TERMAM,COFFAR_45,6220,7013,1238,96,NA,84.9957580899285,15.004241910071507,1.1634953338989213,-13.840746576172585,Terminalia amazonia,Timber,0.123814029
TERMAM,THEOCA_45,697,21977,633,566,NA,97.20035382574082,2.7996461742591774,2.503317116320212,-0.29632905793896525,Terminalia amazonia,Timber,0.123814029
TERMAM,COFFAR_85,6214,6585,1666,102,NA,79.80850805962913,20.191491940370867,1.2362137922676038,-18.95527814810326,Terminalia amazonia,Timber,0.123814029
TERMAM,THEOCA_85,708,21895,715,555,NA,96.8376824413976,3.1623175586023886,2.4546660769570985,-0.7076514816452901,Terminalia amazonia,Timber,0.123814029
TERMOB,COFFAR_45,7709,5304,1522,32,NA,77.70290067389394,22.297099326106064,0.46879578083797246,-21.828303545268092,Terminalia oblonga,Timber,0.176678445
TERMOB,THEOCA_45,6085,14330,3318,140,NA,81.19900271985495,18.80099728014506,0.7932910244786946,-18.007706255666367,Terminalia oblonga,Timber,0.176678445
TERMOB,COFFAR_85,7705,5171,1655,36,NA,75.75446820978611,24.245531790213885,0.527395253442719,-23.718136536771166,Terminalia oblonga,Timber,0.176678445
TERMOB,THEOCA_85,5975,14186,3462,250,NA,80.38304623753399,19.616953762466004,1.4165911151405257,-18.200362647325477,Terminalia oblonga,Timber,0.176678445
